{"fn_name": "maxlen", "inputs": [[5, 12], [12, 5], [5, 17], [17, 5], [7, 12], [12, 7]], "outputs": [[5], [5], [5.666666666666667], [5.666666666666667], [6.0], [6.0]]}