{"fn_name": "two_decimal_places", "inputs": [[4.659725356], [173735326.37837327], [4.653725356]], "outputs": [[4.66], [173735326.38], [4.65]]}