{"fn_name": "solution", "inputs": [[4.2], [4.25], [4.4], [4.6], [4.75], [4.8], [4.5], [4.55], [4.74], [4.74999999999], [4.74999999991]], "outputs": [[4], [4.5], [4.5], [4.5], [5], [5], [4.5], [4.5], [4.5], [4.5], [4.5]]}