{"fn_name": "iter_pi", "inputs": [[0.1], [0.01], [0.001], [0.0001], [1e-05], [1e-06]], "outputs": [[[10, 3.0418396189]], [[100, 3.1315929036]], [[1000, 3.1405926538]], [[10000, 3.1414926536]], [[100001, 3.1416026535]], [[1000001, 3.1415936536]]]}