{"fn_name": "going", "inputs": [[5], [6], [7], [8], [20], [30], [50], [113], [200], [523], [1011], [10110]], "outputs": [[1.275], [1.2125], [1.173214], [1.146651], [1.052786], [1.034525], [1.020416], [1.008929], [1.005025], [1.001915], [1.00099], [1.000098]]}